{"cameraMode":{"drawMode":0,"name":"Shaded","section":"Shading Mode"},"sceneLighting":true,"audioPlay":false,"sceneViewState":{"m_AlwaysRefresh":false,"showFog":true,"showSkybox":true,"showFlares":true,"showImageEffects":true,"showParticleSystems":true,"showVisualEffectGraphs":true,"m_FxEnabled":true},"in2DMode":false,"pivot":{"x":-0.21950717270374299,"y":5.395589351654053,"z":4.429727077484131},"rotation":{"x":0.00734245590865612,"y":0.9697415232658386,"z":-0.24226151406764985,"w":0.02939307689666748},"size":0.33863312005996706,"orthographic":false}