{"cameraMode":{"drawMode":0,"name":"Shaded","section":"Shading Mode"},"sceneLighting":true,"audioPlay":false,"sceneViewState":{"m_AlwaysRefresh":false,"showFog":true,"showSkybox":true,"showFlares":true,"showImageEffects":true,"showParticleSystems":true,"showVisualEffectGraphs":true,"m_FxEnabled":true},"in2DMode":false,"pivot":{"x":0.21059757471084596,"y":5.471645355224609,"z":4.126260757446289},"rotation":{"x":0.045821163803339007,"y":0.914280354976654,"z":-0.10802418738603592,"w":0.38775432109832766},"size":0.7302507162094116,"orthographic":false}