{"cameraMode":{"drawMode":0,"name":"Shaded","section":"Shading Mode"},"sceneLighting":true,"audioPlay":false,"sceneViewState":{"m_AlwaysRefresh":false,"showFog":true,"showSkybox":true,"showFlares":true,"showImageEffects":true,"showParticleSystems":true,"showVisualEffectGraphs":true,"m_FxEnabled":true},"in2DMode":false,"pivot":{"x":-64.57746124267578,"y":29.592967987060548,"z":-125.99891662597656},"rotation":{"x":0.016687024384737016,"y":-0.9656435251235962,"z":0.2514200806617737,"w":0.06411022692918778},"size":12.124354362487793,"orthographic":false}